<?xml version="1.0" encoding="UTF-8"?>
<!DOCTYPE html 
      PUBLIC "-//W3C//DTD XHTML 1.0 Strict//EN"
      "http://www.w3.org/TR/xhtml1/DTD/xhtml1-strict.dtd">
<html xmlns="http://www.w3.org/1999/xhtml" 
      xmlns:svg="http://www.w3.org/2000/svg"
      xmlns:xlink="http://www.w3.org/1999/xlink">
  <head>
    <title>SVG TTF XHTML</title>
  </head>
  <body>
	<div id="haxe:trace"></div>
    <object id="AdobeSVG" classid="clsid:78156a80-c6a1-4bbf-8e6a-3cd390eeb4e2"> </object>
    <?import namespace="svg" urn="http://www.w3.org/2000/svg" implementation="#AdobeSVG"?>
	<div id="tf">
	</div>
	<script type="text/javascript" src="./Main.js"></script>
  </body>
</html>
